1,Mario 1

1,Mario 1
2,Mario 2

2,Mario 2
3,Mario 3

3,Mario 3
4,Mario 4

4,Mario 4
5,Mario 5

5,Mario 5
6,Mario 6

6,Mario 6
7,Mario 7

7,Mario 7
8,Mario 8

8,Mario 8
9,Mario 9

9,Mario 9
10,Mario 10

10,Mario 10
11,Mario 11

11,Mario 11
12,Mario 12

12,Mario 12
13,Mario 13

13,Mario 13
14,Mario 14

14,Mario 14
15,Mario 15

15,Mario 15
16,Mario 16

16,Mario 16
17,Mario 17

17,Mario 17
18,Mario 18

18,Mario 18
19,Mario 19

19,Mario 19
20,Mario 20

20,Mario 20
21,Mario 21

21,Mario 21
22,Mario 22

22,Mario 22
23,Mario 23

23,Mario 23
24,Mario 24

24,Mario 24
25,Mario 25

25,Mario 25
26,Mario 26

26,Mario 26
27,Mario 27

27,Mario 27
28,Mario 28

28,Mario 28
29,Mario 29

29,Mario 29
30,Mario 30

30,Mario 30
